username,password
gimperftestuser001,1234
gimperftestuser002,1234
gimperftestuser003,1234
gimperftestuser004,1234
gimperftestuser005,1234
gimperftestuser006,1234
gimperftestuser007,1234
gimperftestuser008,1234
gimperftestuser009,1234
gimperftestuser010,1234
gimperftestuser011,1234
gimperftestuser012,1234
gimperftestuser013,1234
gimperftestuser014,1234
gimperftestuser015,1234
gimperftestuser016,1234
gimperftestuser017,1234
gimperftestuser018,1234
gimperftestuser019,1234
gimperftestuser020,1234
gimperftestuser021,1234
gimperftestuser022,1234
gimperftestuser023,1234
gimperftestuser024,1234
gimperftestuser025,1234
gimperftestuser026,1234
gimperftestuser027,1234
gimperftestuser028,1234
gimperftestuser029,1234
gimperftestuser030,1234
gimperftestuser031,1234
gimperftestuser032,1234
gimperftestuser033,1234
gimperftestuser034,1234
gimperftestuser035,1234
gimperftestuser036,1234
gimperftestuser037,1234
gimperftestuser038,1234
gimperftestuser039,1234
gimperftestuser040,1234
gimperftestuser041,1234
gimperftestuser042,1234
gimperftestuser043,1234
gimperftestuser044,1234
gimperftestuser045,1234
gimperftestuser046,1234
gimperftestuser047,1234
gimperftestuser048,1234
gimperftestuser049,1234
gimperftestuser050,1234
gimperftestuser051,1234
gimperftestuser052,1234
gimperftestuser053,1234
gimperftestuser054,1234
gimperftestuser055,1234
gimperftestuser056,1234
gimperftestuser057,1234
gimperftestuser058,1234
gimperftestuser059,1234
gimperftestuser060,1234
gimperftestuser061,1234
gimperftestuser062,1234
gimperftestuser063,1234
gimperftestuser064,1234
gimperftestuser065,1234
gimperftestuser066,1234
gimperftestuser067,1234
gimperftestuser068,1234
gimperftestuser069,1234
gimperftestuser070,1234
gimperftestuser071,1234
gimperftestuser072,1234
gimperftestuser073,1234
gimperftestuser074,1234
gimperftestuser075,1234
gimperftestuser076,1234
gimperftestuser077,1234
gimperftestuser078,1234
gimperftestuser079,1234
gimperftestuser080,1234
gimperftestuser081,1234
gimperftestuser082,1234
gimperftestuser083,1234
gimperftestuser084,1234
gimperftestuser085,1234
gimperftestuser086,1234
gimperftestuser087,1234
gimperftestuser088,1234
gimperftestuser089,1234
gimperftestuser090,1234
gimperftestuser091,1234
gimperftestuser092,1234
gimperftestuser093,1234
gimperftestuser094,1234
gimperftestuser095,1234
gimperftestuser096,1234
gimperftestuser097,1234
gimperftestuser098,1234
gimperftestuser099,1234
gimperftestuser100,1234
gimperftestuser101,1234
gimperftestuser102,1234
gimperftestuser103,1234
gimperftestuser104,1234
gimperftestuser105,1234
gimperftestuser106,1234
gimperftestuser107,1234
gimperftestuser108,1234
gimperftestuser109,1234
gimperftestuser110,1234
gimperftestuser111,1234
gimperftestuser112,1234
gimperftestuser113,1234
gimperftestuser114,1234
gimperftestuser115,1234
gimperftestuser116,1234
gimperftestuser117,1234
gimperftestuser118,1234
gimperftestuser119,1234
gimperftestuser120,1234
gimperftestuser121,1234
gimperftestuser122,1234
gimperftestuser123,1234
gimperftestuser124,1234
gimperftestuser125,1234
gimperftestuser126,1234
gimperftestuser127,1234
gimperftestuser128,1234
gimperftestuser129,1234
gimperftestuser130,1234
gimperftestuser131,1234
gimperftestuser132,1234
gimperftestuser133,1234
gimperftestuser134,1234
gimperftestuser135,1234
gimperftestuser136,1234
gimperftestuser137,1234
gimperftestuser138,1234
gimperftestuser139,1234
gimperftestuser140,1234
gimperftestuser141,1234
gimperftestuser142,1234
gimperftestuser143,1234
gimperftestuser144,1234
gimperftestuser145,1234
gimperftestuser146,1234
gimperftestuser147,1234
gimperftestuser148,1234
gimperftestuser149,1234
gimperftestuser150,1234
gimperftestuser151,1234
gimperftestuser152,1234
gimperftestuser153,1234
gimperftestuser154,1234
gimperftestuser155,1234
gimperftestuser156,1234
gimperftestuser157,1234
gimperftestuser158,1234
gimperftestuser159,1234
gimperftestuser160,1234
gimperftestuser161,1234
gimperftestuser162,1234
gimperftestuser163,1234
gimperftestuser164,1234
gimperftestuser165,1234
gimperftestuser166,1234
gimperftestuser167,1234
gimperftestuser168,1234
gimperftestuser169,1234
gimperftestuser170,1234
gimperftestuser171,1234
gimperftestuser172,1234
gimperftestuser173,1234
gimperftestuser174,1234
gimperftestuser175,1234
gimperftestuser176,1234
gimperftestuser177,1234
gimperftestuser178,1234
gimperftestuser179,1234
gimperftestuser180,1234
gimperftestuser181,1234
gimperftestuser182,1234
gimperftestuser183,1234
gimperftestuser184,1234
gimperftestuser185,1234
gimperftestuser186,1234
gimperftestuser187,1234
gimperftestuser188,1234
gimperftestuser189,1234
gimperftestuser190,1234
gimperftestuser191,1234
gimperftestuser192,1234
gimperftestuser193,1234
gimperftestuser194,1234
gimperftestuser195,1234
gimperftestuser196,1234
gimperftestuser197,1234
gimperftestuser198,1234
gimperftestuser199,1234
gimperftestuser200,1234
gimperftestuser201,1234
gimperftestuser202,1234
gimperftestuser203,1234
gimperftestuser204,1234
gimperftestuser205,1234
gimperftestuser206,1234
gimperftestuser207,1234
gimperftestuser208,1234
gimperftestuser209,1234
gimperftestuser210,1234
gimperftestuser211,1234
gimperftestuser212,1234
gimperftestuser213,1234
gimperftestuser214,1234
gimperftestuser215,1234
gimperftestuser216,1234
gimperftestuser217,1234
gimperftestuser218,1234
gimperftestuser219,1234
gimperftestuser220,1234
gimperftestuser221,1234
gimperftestuser222,1234
gimperftestuser223,1234
gimperftestuser224,1234
gimperftestuser225,1234
gimperftestuser226,1234
gimperftestuser227,1234
gimperftestuser228,1234
gimperftestuser229,1234
gimperftestuser230,1234
gimperftestuser231,1234
gimperftestuser232,1234
gimperftestuser233,1234
gimperftestuser234,1234
gimperftestuser235,1234
gimperftestuser236,1234
gimperftestuser237,1234
gimperftestuser238,1234
gimperftestuser239,1234
gimperftestuser240,1234
gimperftestuser241,1234
gimperftestuser242,1234
gimperftestuser243,1234
gimperftestuser244,1234
gimperftestuser245,1234
gimperftestuser246,1234
gimperftestuser247,1234
gimperftestuser248,1234
gimperftestuser249,1234
gimperftestuser250,1234
gimperftestuser251,1234
gimperftestuser252,1234
gimperftestuser253,1234
gimperftestuser254,1234
gimperftestuser255,1234
gimperftestuser256,1234
gimperftestuser257,1234
gimperftestuser258,1234
gimperftestuser259,1234
gimperftestuser260,1234
gimperftestuser261,1234
gimperftestuser262,1234
gimperftestuser263,1234
gimperftestuser264,1234
gimperftestuser265,1234
gimperftestuser266,1234
gimperftestuser267,1234
gimperftestuser268,1234
gimperftestuser269,1234
gimperftestuser270,1234
gimperftestuser271,1234
gimperftestuser272,1234
gimperftestuser273,1234
gimperftestuser274,1234
gimperftestuser275,1234
gimperftestuser276,1234
gimperftestuser277,1234
gimperftestuser278,1234
gimperftestuser279,1234
gimperftestuser280,1234
gimperftestuser281,1234
gimperftestuser282,1234
gimperftestuser283,1234
gimperftestuser284,1234
gimperftestuser285,1234
gimperftestuser286,1234
gimperftestuser287,1234
gimperftestuser288,1234
gimperftestuser289,1234
gimperftestuser290,1234
gimperftestuser291,1234
gimperftestuser292,1234
gimperftestuser293,1234
gimperftestuser294,1234
gimperftestuser295,1234
gimperftestuser296,1234
gimperftestuser297,1234
gimperftestuser298,1234
gimperftestuser299,1234
gimperftestuser300,1234
gimperftestuser301,1234
gimperftestuser302,1234
gimperftestuser303,1234
gimperftestuser304,1234
gimperftestuser305,1234
gimperftestuser306,1234
gimperftestuser307,1234
gimperftestuser308,1234
gimperftestuser309,1234
gimperftestuser310,1234
gimperftestuser311,1234
gimperftestuser312,1234
gimperftestuser313,1234
gimperftestuser314,1234
gimperftestuser315,1234
gimperftestuser316,1234
gimperftestuser317,1234
gimperftestuser318,1234
gimperftestuser319,1234
gimperftestuser320,1234
gimperftestuser321,1234
gimperftestuser322,1234
gimperftestuser323,1234
gimperftestuser324,1234
gimperftestuser325,1234
gimperftestuser326,1234
gimperftestuser327,1234
gimperftestuser328,1234
gimperftestuser329,1234
gimperftestuser330,1234
gimperftestuser331,1234
gimperftestuser332,1234
gimperftestuser333,1234
gimperftestuser334,1234
gimperftestuser335,1234
gimperftestuser336,1234
gimperftestuser337,1234
gimperftestuser338,1234
gimperftestuser339,1234
gimperftestuser340,1234
gimperftestuser341,1234
gimperftestuser342,1234
gimperftestuser343,1234
gimperftestuser344,1234
gimperftestuser345,1234
gimperftestuser346,1234
gimperftestuser347,1234
gimperftestuser348,1234
gimperftestuser349,1234
gimperftestuser350,1234
gimperftestuser351,1234
gimperftestuser352,1234
gimperftestuser353,1234
gimperftestuser354,1234
gimperftestuser355,1234
gimperftestuser356,1234
gimperftestuser357,1234
gimperftestuser358,1234
gimperftestuser359,1234
gimperftestuser360,1234
gimperftestuser361,1234
gimperftestuser362,1234
gimperftestuser363,1234
gimperftestuser364,1234
gimperftestuser365,1234
gimperftestuser366,1234
gimperftestuser367,1234
gimperftestuser368,1234
gimperftestuser369,1234
gimperftestuser370,1234
gimperftestuser371,1234
gimperftestuser372,1234
gimperftestuser373,1234
gimperftestuser374,1234
gimperftestuser375,1234
gimperftestuser376,1234
gimperftestuser377,1234
gimperftestuser378,1234
gimperftestuser379,1234
gimperftestuser380,1234
gimperftestuser381,1234
gimperftestuser382,1234
gimperftestuser383,1234
gimperftestuser384,1234
gimperftestuser385,1234
gimperftestuser386,1234
gimperftestuser387,1234
gimperftestuser388,1234
gimperftestuser389,1234
gimperftestuser390,1234
gimperftestuser391,1234
gimperftestuser392,1234
gimperftestuser393,1234
gimperftestuser394,1234
gimperftestuser395,1234
gimperftestuser396,1234
gimperftestuser397,1234
gimperftestuser398,1234
gimperftestuser399,1234
gimperftestuser400,1234
gimperftestuser401,1234
gimperftestuser402,1234
gimperftestuser403,1234
gimperftestuser404,1234
gimperftestuser405,1234
gimperftestuser406,1234
gimperftestuser407,1234
gimperftestuser408,1234
gimperftestuser409,1234
gimperftestuser410,1234
gimperftestuser411,1234
gimperftestuser412,1234
gimperftestuser413,1234
gimperftestuser414,1234
gimperftestuser415,1234
gimperftestuser416,1234
gimperftestuser417,1234
gimperftestuser418,1234
gimperftestuser419,1234
gimperftestuser420,1234
gimperftestuser421,1234
gimperftestuser422,1234
gimperftestuser423,1234
gimperftestuser424,1234
gimperftestuser425,1234
gimperftestuser426,1234
gimperftestuser427,1234
gimperftestuser428,1234
gimperftestuser429,1234
gimperftestuser430,1234
gimperftestuser431,1234
gimperftestuser432,1234
gimperftestuser433,1234
gimperftestuser434,1234
gimperftestuser435,1234
gimperftestuser436,1234
gimperftestuser437,1234
gimperftestuser438,1234
gimperftestuser439,1234
gimperftestuser440,1234
gimperftestuser441,1234
gimperftestuser442,1234
gimperftestuser443,1234
gimperftestuser444,1234
gimperftestuser445,1234
gimperftestuser446,1234
gimperftestuser447,1234
gimperftestuser448,1234
gimperftestuser449,1234
gimperftestuser450,1234
gimperftestuser451,1234
gimperftestuser452,1234
gimperftestuser453,1234
gimperftestuser454,1234
gimperftestuser455,1234
gimperftestuser456,1234
gimperftestuser457,1234
gimperftestuser458,1234
gimperftestuser459,1234
gimperftestuser460,1234
gimperftestuser461,1234
gimperftestuser462,1234
gimperftestuser463,1234
gimperftestuser464,1234
gimperftestuser465,1234
gimperftestuser466,1234
gimperftestuser467,1234
gimperftestuser468,1234
gimperftestuser469,1234
gimperftestuser470,1234
gimperftestuser471,1234
gimperftestuser472,1234
gimperftestuser473,1234
gimperftestuser474,1234
gimperftestuser475,1234
gimperftestuser476,1234
gimperftestuser477,1234
gimperftestuser478,1234
gimperftestuser479,1234
gimperftestuser480,1234
gimperftestuser481,1234
gimperftestuser482,1234
gimperftestuser483,1234
gimperftestuser484,1234
gimperftestuser485,1234
gimperftestuser486,1234
gimperftestuser487,1234
gimperftestuser488,1234
gimperftestuser489,1234
gimperftestuser490,1234
gimperftestuser491,1234
gimperftestuser492,1234
gimperftestuser493,1234
gimperftestuser494,1234
gimperftestuser495,1234
gimperftestuser496,1234
gimperftestuser497,1234
gimperftestuser498,1234
gimperftestuser499,1234
gimperftestuser500,1234
gimperftestuser501,1234
gimperftestuser502,1234
gimperftestuser503,1234
gimperftestuser504,1234
gimperftestuser505,1234
gimperftestuser506,1234
gimperftestuser507,1234
gimperftestuser508,1234
gimperftestuser509,1234
gimperftestuser510,1234
gimperftestuser511,1234
gimperftestuser512,1234
gimperftestuser513,1234
gimperftestuser514,1234
gimperftestuser515,1234
gimperftestuser516,1234
gimperftestuser517,1234
gimperftestuser518,1234
gimperftestuser519,1234
gimperftestuser520,1234
gimperftestuser521,1234
gimperftestuser522,1234
gimperftestuser523,1234
gimperftestuser524,1234
gimperftestuser525,1234
gimperftestuser526,1234
gimperftestuser527,1234
gimperftestuser528,1234
gimperftestuser529,1234
gimperftestuser530,1234
gimperftestuser531,1234
gimperftestuser532,1234
gimperftestuser533,1234
gimperftestuser534,1234
gimperftestuser535,1234
gimperftestuser536,1234
gimperftestuser537,1234
gimperftestuser538,1234
gimperftestuser539,1234
gimperftestuser540,1234
gimperftestuser541,1234
gimperftestuser542,1234
gimperftestuser543,1234
gimperftestuser544,1234
gimperftestuser545,1234
gimperftestuser546,1234
gimperftestuser547,1234
gimperftestuser548,1234
gimperftestuser549,1234
gimperftestuser550,1234
gimperftestuser551,1234
gimperftestuser552,1234
gimperftestuser553,1234
gimperftestuser554,1234
gimperftestuser555,1234
gimperftestuser556,1234
gimperftestuser557,1234
gimperftestuser558,1234
gimperftestuser559,1234
gimperftestuser560,1234
gimperftestuser561,1234
gimperftestuser562,1234
gimperftestuser563,1234
gimperftestuser564,1234
gimperftestuser565,1234
gimperftestuser566,1234
gimperftestuser567,1234
gimperftestuser568,1234
gimperftestuser569,1234
gimperftestuser570,1234
gimperftestuser571,1234
gimperftestuser572,1234
gimperftestuser573,1234
gimperftestuser574,1234
gimperftestuser575,1234
gimperftestuser576,1234
gimperftestuser577,1234
gimperftestuser578,1234
gimperftestuser579,1234
gimperftestuser580,1234
gimperftestuser581,1234
gimperftestuser582,1234
gimperftestuser583,1234
gimperftestuser584,1234
gimperftestuser585,1234
gimperftestuser586,1234
gimperftestuser587,1234
gimperftestuser588,1234
gimperftestuser589,1234
gimperftestuser590,1234
gimperftestuser591,1234
gimperftestuser592,1234
gimperftestuser593,1234
gimperftestuser594,1234
gimperftestuser595,1234
gimperftestuser596,1234
gimperftestuser597,1234
gimperftestuser598,1234
gimperftestuser599,1234
gimperftestuser600,1234
gimperftestuser601,1234
gimperftestuser602,1234
gimperftestuser603,1234
gimperftestuser604,1234
gimperftestuser605,1234
gimperftestuser606,1234
gimperftestuser607,1234
gimperftestuser608,1234
gimperftestuser609,1234
gimperftestuser610,1234
gimperftestuser611,1234
gimperftestuser612,1234
gimperftestuser613,1234
gimperftestuser614,1234
gimperftestuser615,1234
gimperftestuser616,1234
gimperftestuser617,1234
gimperftestuser618,1234
gimperftestuser619,1234
gimperftestuser620,1234
gimperftestuser621,1234
gimperftestuser622,1234
gimperftestuser623,1234
gimperftestuser624,1234
gimperftestuser625,1234
gimperftestuser626,1234
gimperftestuser627,1234
gimperftestuser628,1234
gimperftestuser629,1234
gimperftestuser630,1234
gimperftestuser631,1234
gimperftestuser632,1234
gimperftestuser633,1234
gimperftestuser634,1234
gimperftestuser635,1234
gimperftestuser636,1234
gimperftestuser637,1234
gimperftestuser638,1234
gimperftestuser639,1234
gimperftestuser640,1234
gimperftestuser641,1234
gimperftestuser642,1234
gimperftestuser643,1234
gimperftestuser644,1234
gimperftestuser645,1234
gimperftestuser646,1234
gimperftestuser647,1234
gimperftestuser648,1234
gimperftestuser649,1234
gimperftestuser650,1234
gimperftestuser651,1234
gimperftestuser652,1234
gimperftestuser653,1234
gimperftestuser654,1234
gimperftestuser655,1234
gimperftestuser656,1234
gimperftestuser657,1234
gimperftestuser658,1234
gimperftestuser659,1234
gimperftestuser660,1234
gimperftestuser661,1234
gimperftestuser662,1234
gimperftestuser663,1234
gimperftestuser664,1234
gimperftestuser665,1234
gimperftestuser666,1234
gimperftestuser667,1234
gimperftestuser668,1234
gimperftestuser669,1234
gimperftestuser670,1234
gimperftestuser671,1234
gimperftestuser672,1234
gimperftestuser673,1234
gimperftestuser674,1234
gimperftestuser675,1234
gimperftestuser676,1234
gimperftestuser677,1234
gimperftestuser678,1234
gimperftestuser679,1234
gimperftestuser680,1234
gimperftestuser681,1234
gimperftestuser682,1234
gimperftestuser683,1234
gimperftestuser684,1234
gimperftestuser685,1234
gimperftestuser686,1234
gimperftestuser687,1234
gimperftestuser688,1234
gimperftestuser689,1234
gimperftestuser690,1234
gimperftestuser691,1234
gimperftestuser692,1234
gimperftestuser693,1234
gimperftestuser694,1234
gimperftestuser695,1234
gimperftestuser696,1234
gimperftestuser697,1234
gimperftestuser698,1234
gimperftestuser699,1234
gimperftestuser700,1234
gimperftestuser701,1234
gimperftestuser702,1234
gimperftestuser703,1234
gimperftestuser704,1234
gimperftestuser705,1234
gimperftestuser706,1234
gimperftestuser707,1234
gimperftestuser708,1234
gimperftestuser709,1234
gimperftestuser710,1234
gimperftestuser711,1234
gimperftestuser712,1234
gimperftestuser713,1234
gimperftestuser714,1234
gimperftestuser715,1234
gimperftestuser716,1234
gimperftestuser717,1234
gimperftestuser718,1234
gimperftestuser719,1234
gimperftestuser720,1234
gimperftestuser721,1234
gimperftestuser722,1234
gimperftestuser723,1234
gimperftestuser724,1234
gimperftestuser725,1234
gimperftestuser726,1234
gimperftestuser727,1234
gimperftestuser728,1234
gimperftestuser729,1234
gimperftestuser730,1234
gimperftestuser731,1234
gimperftestuser732,1234
gimperftestuser733,1234
gimperftestuser734,1234
gimperftestuser735,1234
gimperftestuser736,1234
gimperftestuser737,1234
gimperftestuser738,1234
gimperftestuser739,1234
gimperftestuser740,1234
gimperftestuser741,1234
gimperftestuser742,1234
gimperftestuser743,1234
gimperftestuser744,1234
gimperftestuser745,1234
gimperftestuser746,1234
gimperftestuser747,1234
gimperftestuser748,1234
gimperftestuser749,1234
gimperftestuser750,1234
gimperftestuser751,1234
gimperftestuser752,1234
gimperftestuser753,1234
gimperftestuser754,1234
gimperftestuser755,1234
gimperftestuser756,1234
gimperftestuser757,1234
gimperftestuser758,1234
gimperftestuser759,1234
gimperftestuser760,1234
gimperftestuser761,1234
gimperftestuser762,1234
gimperftestuser763,1234
gimperftestuser764,1234
gimperftestuser765,1234
gimperftestuser766,1234
gimperftestuser767,1234
gimperftestuser768,1234
gimperftestuser769,1234
gimperftestuser770,1234
gimperftestuser771,1234
gimperftestuser772,1234
gimperftestuser773,1234
gimperftestuser774,1234
gimperftestuser775,1234
gimperftestuser776,1234
gimperftestuser777,1234
gimperftestuser778,1234
gimperftestuser779,1234
gimperftestuser780,1234
gimperftestuser781,1234
gimperftestuser782,1234
gimperftestuser783,1234
gimperftestuser784,1234
gimperftestuser785,1234
gimperftestuser786,1234
gimperftestuser787,1234
gimperftestuser788,1234
gimperftestuser789,1234
gimperftestuser790,1234
gimperftestuser791,1234
gimperftestuser792,1234
gimperftestuser793,1234
gimperftestuser794,1234
gimperftestuser795,1234
gimperftestuser796,1234
gimperftestuser797,1234
gimperftestuser798,1234
gimperftestuser799,1234
gimperftestuser800,1234
gimperftestuser801,1234
gimperftestuser802,1234
gimperftestuser803,1234
gimperftestuser804,1234
gimperftestuser805,1234
gimperftestuser806,1234
gimperftestuser807,1234
gimperftestuser808,1234
gimperftestuser809,1234
gimperftestuser810,1234
gimperftestuser811,1234
gimperftestuser812,1234
gimperftestuser813,1234
gimperftestuser814,1234
gimperftestuser815,1234
gimperftestuser816,1234
gimperftestuser817,1234
gimperftestuser818,1234
gimperftestuser819,1234
gimperftestuser820,1234
gimperftestuser821,1234
gimperftestuser822,1234
gimperftestuser823,1234
gimperftestuser824,1234
gimperftestuser825,1234
gimperftestuser826,1234
gimperftestuser827,1234
gimperftestuser828,1234
gimperftestuser829,1234
gimperftestuser830,1234
gimperftestuser831,1234
gimperftestuser832,1234
gimperftestuser833,1234
gimperftestuser834,1234
gimperftestuser835,1234
gimperftestuser836,1234
gimperftestuser837,1234
gimperftestuser838,1234
gimperftestuser839,1234
gimperftestuser840,1234
gimperftestuser841,1234
gimperftestuser842,1234
gimperftestuser843,1234
gimperftestuser844,1234
gimperftestuser845,1234
gimperftestuser846,1234
gimperftestuser847,1234
gimperftestuser848,1234
gimperftestuser849,1234
gimperftestuser850,1234
gimperftestuser851,1234
gimperftestuser852,1234
gimperftestuser853,1234
gimperftestuser854,1234
gimperftestuser855,1234
gimperftestuser856,1234
gimperftestuser857,1234
gimperftestuser858,1234
gimperftestuser859,1234
gimperftestuser860,1234
gimperftestuser861,1234
gimperftestuser862,1234
gimperftestuser863,1234
gimperftestuser864,1234
gimperftestuser865,1234
gimperftestuser866,1234
gimperftestuser867,1234
gimperftestuser868,1234
gimperftestuser869,1234
gimperftestuser870,1234
gimperftestuser871,1234
gimperftestuser872,1234
gimperftestuser873,1234
gimperftestuser874,1234
gimperftestuser875,1234
gimperftestuser876,1234
gimperftestuser877,1234
gimperftestuser878,1234
gimperftestuser879,1234
gimperftestuser880,1234
gimperftestuser881,1234
gimperftestuser882,1234
gimperftestuser883,1234
gimperftestuser884,1234
gimperftestuser885,1234
gimperftestuser886,1234
gimperftestuser887,1234
gimperftestuser888,1234
gimperftestuser889,1234
gimperftestuser890,1234
gimperftestuser891,1234
gimperftestuser892,1234
gimperftestuser893,1234
gimperftestuser894,1234
gimperftestuser895,1234
gimperftestuser896,1234
gimperftestuser897,1234
gimperftestuser898,1234
gimperftestuser899,1234
gimperftestuser900,1234
gimperftestuser901,1234
gimperftestuser902,1234
gimperftestuser903,1234
gimperftestuser904,1234
gimperftestuser905,1234
gimperftestuser906,1234
gimperftestuser907,1234
gimperftestuser908,1234
gimperftestuser909,1234
gimperftestuser910,1234
gimperftestuser911,1234
gimperftestuser912,1234
gimperftestuser913,1234
gimperftestuser914,1234
gimperftestuser915,1234
gimperftestuser916,1234
gimperftestuser917,1234
gimperftestuser918,1234
gimperftestuser919,1234
gimperftestuser920,1234
gimperftestuser921,1234
gimperftestuser922,1234
gimperftestuser923,1234
gimperftestuser924,1234
gimperftestuser925,1234
gimperftestuser926,1234
gimperftestuser927,1234
gimperftestuser928,1234
gimperftestuser929,1234
gimperftestuser930,1234
gimperftestuser931,1234
gimperftestuser932,1234
gimperftestuser933,1234
gimperftestuser934,1234
gimperftestuser935,1234
gimperftestuser936,1234
gimperftestuser937,1234
gimperftestuser938,1234
gimperftestuser939,1234
gimperftestuser940,1234
gimperftestuser941,1234
gimperftestuser942,1234
gimperftestuser943,1234
gimperftestuser944,1234
gimperftestuser945,1234
gimperftestuser946,1234
gimperftestuser947,1234
gimperftestuser948,1234
gimperftestuser949,1234
gimperftestuser950,1234
gimperftestuser951,1234
gimperftestuser952,1234
gimperftestuser953,1234
gimperftestuser954,1234
gimperftestuser955,1234
gimperftestuser956,1234
gimperftestuser957,1234
gimperftestuser958,1234
gimperftestuser959,1234
gimperftestuser960,1234
gimperftestuser961,1234
gimperftestuser962,1234
gimperftestuser963,1234
gimperftestuser964,1234
gimperftestuser965,1234
gimperftestuser966,1234
gimperftestuser967,1234
gimperftestuser968,1234
gimperftestuser969,1234
gimperftestuser970,1234
gimperftestuser971,1234
gimperftestuser972,1234
gimperftestuser973,1234
gimperftestuser974,1234
gimperftestuser975,1234
gimperftestuser976,1234
gimperftestuser977,1234
gimperftestuser978,1234
gimperftestuser979,1234
gimperftestuser980,1234
gimperftestuser981,1234
gimperftestuser982,1234
gimperftestuser983,1234
gimperftestuser984,1234
gimperftestuser985,1234
gimperftestuser986,1234
gimperftestuser987,1234
gimperftestuser988,1234
gimperftestuser989,1234
gimperftestuser990,1234
gimperftestuser991,1234
gimperftestuser992,1234
gimperftestuser993,1234
gimperftestuser994,1234
gimperftestuser995,1234
gimperftestuser996,1234
gimperftestuser997,1234
gimperftestuser998,1234
gimperftestuser999,1234
gimperftestuser1000,1234
gimperftestuser1001,1234
gimperftestuser1002,1234
gimperftestuser1003,1234
gimperftestuser1004,1234
gimperftestuser1005,1234
gimperftestuser1006,1234
gimperftestuser1007,1234
gimperftestuser1008,1234
gimperftestuser1009,1234
gimperftestuser1010,1234
gimperftestuser1011,1234
gimperftestuser1012,1234
gimperftestuser1013,1234
gimperftestuser1014,1234
gimperftestuser1015,1234
gimperftestuser1016,1234
gimperftestuser1017,1234
gimperftestuser1018,1234
gimperftestuser1019,1234
gimperftestuser1020,1234
gimperftestuser1021,1234
gimperftestuser1022,1234
gimperftestuser1023,1234
gimperftestuser1024,1234
gimperftestuser1025,1234
gimperftestuser1026,1234
gimperftestuser1027,1234
gimperftestuser1028,1234
gimperftestuser1029,1234
gimperftestuser1030,1234
gimperftestuser1031,1234
gimperftestuser1032,1234
gimperftestuser1033,1234
gimperftestuser1034,1234
gimperftestuser1035,1234
gimperftestuser1036,1234
gimperftestuser1037,1234
gimperftestuser1038,1234
gimperftestuser1039,1234
gimperftestuser1040,1234
gimperftestuser1041,1234
gimperftestuser1042,1234
gimperftestuser1043,1234
gimperftestuser1044,1234
gimperftestuser1045,1234
gimperftestuser1046,1234
gimperftestuser1047,1234
gimperftestuser1048,1234
gimperftestuser1049,1234
gimperftestuser1050,1234
gimperftestuser1051,1234
gimperftestuser1052,1234
gimperftestuser1053,1234
gimperftestuser1054,1234
gimperftestuser1055,1234
gimperftestuser1056,1234
gimperftestuser1057,1234
gimperftestuser1058,1234
gimperftestuser1059,1234
gimperftestuser1060,1234
gimperftestuser1061,1234
gimperftestuser1062,1234
gimperftestuser1063,1234
gimperftestuser1064,1234
gimperftestuser1065,1234
gimperftestuser1066,1234
gimperftestuser1067,1234
gimperftestuser1068,1234
gimperftestuser1069,1234
gimperftestuser1070,1234
gimperftestuser1071,1234
gimperftestuser1072,1234
gimperftestuser1073,1234
gimperftestuser1074,1234
gimperftestuser1075,1234
gimperftestuser1076,1234
gimperftestuser1077,1234
gimperftestuser1078,1234
gimperftestuser1079,1234
gimperftestuser1080,1234
gimperftestuser1081,1234
gimperftestuser1082,1234
gimperftestuser1083,1234
gimperftestuser1084,1234
gimperftestuser1085,1234
gimperftestuser1086,1234
gimperftestuser1087,1234
gimperftestuser1088,1234
gimperftestuser1089,1234
gimperftestuser1090,1234
gimperftestuser1091,1234
gimperftestuser1092,1234
gimperftestuser1093,1234
gimperftestuser1094,1234
gimperftestuser1095,1234
gimperftestuser1096,1234
gimperftestuser1097,1234
gimperftestuser1098,1234
gimperftestuser1099,1234
gimperftestuser1100,1234
gimperftestuser1101,1234
gimperftestuser1102,1234
gimperftestuser1103,1234
gimperftestuser1104,1234
gimperftestuser1105,1234
gimperftestuser1106,1234
gimperftestuser1107,1234
gimperftestuser1108,1234
gimperftestuser1109,1234
gimperftestuser1110,1234
gimperftestuser1111,1234
gimperftestuser1112,1234
gimperftestuser1113,1234
gimperftestuser1114,1234
gimperftestuser1115,1234
gimperftestuser1116,1234
gimperftestuser1117,1234
gimperftestuser1118,1234
gimperftestuser1119,1234
gimperftestuser1120,1234
gimperftestuser1121,1234
gimperftestuser1122,1234
gimperftestuser1123,1234
gimperftestuser1124,1234
gimperftestuser1125,1234
gimperftestuser1126,1234
gimperftestuser1127,1234
gimperftestuser1128,1234
gimperftestuser1129,1234
gimperftestuser1130,1234
gimperftestuser1131,1234
gimperftestuser1132,1234
gimperftestuser1133,1234
gimperftestuser1134,1234
gimperftestuser1135,1234
gimperftestuser1136,1234
gimperftestuser1137,1234
gimperftestuser1138,1234
gimperftestuser1139,1234
gimperftestuser1140,1234
gimperftestuser1141,1234
gimperftestuser1142,1234
gimperftestuser1143,1234
gimperftestuser1144,1234
gimperftestuser1145,1234
gimperftestuser1146,1234
gimperftestuser1147,1234
gimperftestuser1148,1234
gimperftestuser1149,1234
gimperftestuser1150,1234
gimperftestuser1151,1234
gimperftestuser1152,1234
gimperftestuser1153,1234
gimperftestuser1154,1234
gimperftestuser1155,1234
gimperftestuser1156,1234
gimperftestuser1157,1234
gimperftestuser1158,1234
gimperftestuser1159,1234
gimperftestuser1160,1234
gimperftestuser1161,1234
gimperftestuser1162,1234
gimperftestuser1163,1234
gimperftestuser1164,1234
gimperftestuser1165,1234
gimperftestuser1166,1234
gimperftestuser1167,1234
gimperftestuser1168,1234
gimperftestuser1169,1234
gimperftestuser1170,1234
gimperftestuser1171,1234
gimperftestuser1172,1234
gimperftestuser1173,1234
gimperftestuser1174,1234
gimperftestuser1175,1234
gimperftestuser1176,1234
gimperftestuser1177,1234
gimperftestuser1178,1234
gimperftestuser1179,1234
gimperftestuser1180,1234
gimperftestuser1181,1234
gimperftestuser1182,1234
gimperftestuser1183,1234
gimperftestuser1184,1234
gimperftestuser1185,1234
gimperftestuser1186,1234
gimperftestuser1187,1234
gimperftestuser1188,1234
gimperftestuser1189,1234
gimperftestuser1190,1234
gimperftestuser1191,1234
gimperftestuser1192,1234
gimperftestuser1193,1234
gimperftestuser1194,1234
gimperftestuser1195,1234
gimperftestuser1196,1234
gimperftestuser1197,1234
gimperftestuser1198,1234
gimperftestuser1199,1234
gimperftestuser1200,1234
gimperftestuser1201,1234
gimperftestuser1202,1234
gimperftestuser1203,1234
gimperftestuser1204,1234
gimperftestuser1205,1234
gimperftestuser1206,1234
gimperftestuser1207,1234
gimperftestuser1208,1234
gimperftestuser1209,1234
gimperftestuser1210,1234
gimperftestuser1211,1234
gimperftestuser1212,1234
gimperftestuser1213,1234
gimperftestuser1214,1234
gimperftestuser1215,1234
gimperftestuser1216,1234
gimperftestuser1217,1234
gimperftestuser1218,1234
gimperftestuser1219,1234
gimperftestuser1220,1234
gimperftestuser1221,1234
gimperftestuser1222,1234
gimperftestuser1223,1234
gimperftestuser1224,1234
gimperftestuser1225,1234
gimperftestuser1226,1234
gimperftestuser1227,1234
gimperftestuser1228,1234
gimperftestuser1229,1234
gimperftestuser1230,1234
gimperftestuser1231,1234
gimperftestuser1232,1234
gimperftestuser1233,1234
gimperftestuser1234,1234
gimperftestuser1235,1234
gimperftestuser1236,1234
gimperftestuser1237,1234
gimperftestuser1238,1234
gimperftestuser1239,1234
gimperftestuser1240,1234
gimperftestuser1241,1234
gimperftestuser1242,1234
gimperftestuser1243,1234
gimperftestuser1244,1234
gimperftestuser1245,1234
gimperftestuser1246,1234
gimperftestuser1247,1234
gimperftestuser1248,1234
gimperftestuser1249,1234
gimperftestuser1250,1234
gimperftestuser1251,1234
gimperftestuser1252,1234
gimperftestuser1253,1234
gimperftestuser1254,1234
gimperftestuser1255,1234
gimperftestuser1256,1234
gimperftestuser1257,1234
gimperftestuser1258,1234
gimperftestuser1259,1234
gimperftestuser1260,1234
gimperftestuser1261,1234
gimperftestuser1262,1234
gimperftestuser1263,1234
gimperftestuser1264,1234
gimperftestuser1265,1234
gimperftestuser1266,1234
gimperftestuser1267,1234
gimperftestuser1268,1234
gimperftestuser1269,1234
gimperftestuser1270,1234
gimperftestuser1271,1234
gimperftestuser1272,1234
gimperftestuser1273,1234
gimperftestuser1274,1234
gimperftestuser1275,1234
gimperftestuser1276,1234
gimperftestuser1277,1234
gimperftestuser1278,1234
gimperftestuser1279,1234
gimperftestuser1280,1234
gimperftestuser1281,1234
gimperftestuser1282,1234
gimperftestuser1283,1234
gimperftestuser1284,1234
gimperftestuser1285,1234
gimperftestuser1286,1234
gimperftestuser1287,1234
gimperftestuser1288,1234
gimperftestuser1289,1234
gimperftestuser1290,1234
gimperftestuser1291,1234
gimperftestuser1292,1234
gimperftestuser1293,1234
gimperftestuser1294,1234
gimperftestuser1295,1234
gimperftestuser1296,1234
gimperftestuser1297,1234
gimperftestuser1298,1234
gimperftestuser1299,1234
gimperftestuser1300,1234
gimperftestuser1301,1234
gimperftestuser1302,1234
gimperftestuser1303,1234
gimperftestuser1304,1234
gimperftestuser1305,1234
gimperftestuser1306,1234
gimperftestuser1307,1234
gimperftestuser1308,1234
gimperftestuser1309,1234
gimperftestuser1310,1234
gimperftestuser1311,1234
gimperftestuser1312,1234
gimperftestuser1313,1234
gimperftestuser1314,1234
gimperftestuser1315,1234
gimperftestuser1316,1234
gimperftestuser1317,1234
gimperftestuser1318,1234
gimperftestuser1319,1234
gimperftestuser1320,1234
gimperftestuser1321,1234
gimperftestuser1322,1234
gimperftestuser1323,1234
gimperftestuser1324,1234
gimperftestuser1325,1234
gimperftestuser1326,1234
gimperftestuser1327,1234
gimperftestuser1328,1234
gimperftestuser1329,1234
gimperftestuser1330,1234
gimperftestuser1331,1234
gimperftestuser1332,1234
gimperftestuser1333,1234
gimperftestuser1334,1234
gimperftestuser1335,1234
gimperftestuser1336,1234
gimperftestuser1337,1234
gimperftestuser1338,1234
gimperftestuser1339,1234
gimperftestuser1340,1234
gimperftestuser1341,1234
gimperftestuser1342,1234
gimperftestuser1343,1234
gimperftestuser1344,1234
gimperftestuser1345,1234
gimperftestuser1346,1234
gimperftestuser1347,1234
gimperftestuser1348,1234
gimperftestuser1349,1234
gimperftestuser1350,1234
gimperftestuser1351,1234
gimperftestuser1352,1234
gimperftestuser1353,1234
gimperftestuser1354,1234
gimperftestuser1355,1234
gimperftestuser1356,1234
gimperftestuser1357,1234
gimperftestuser1358,1234
gimperftestuser1359,1234
gimperftestuser1360,1234
gimperftestuser1361,1234
gimperftestuser1362,1234
gimperftestuser1363,1234
gimperftestuser1364,1234
gimperftestuser1365,1234
gimperftestuser1366,1234
gimperftestuser1367,1234
gimperftestuser1368,1234
gimperftestuser1369,1234
gimperftestuser1370,1234
gimperftestuser1371,1234
gimperftestuser1372,1234
gimperftestuser1373,1234
gimperftestuser1374,1234
gimperftestuser1375,1234
gimperftestuser1376,1234
gimperftestuser1377,1234
gimperftestuser1378,1234
gimperftestuser1379,1234
gimperftestuser1380,1234
gimperftestuser1381,1234
gimperftestuser1382,1234
gimperftestuser1383,1234
gimperftestuser1384,1234
gimperftestuser1385,1234
gimperftestuser1386,1234
gimperftestuser1387,1234
gimperftestuser1388,1234
gimperftestuser1389,1234
gimperftestuser1390,1234
gimperftestuser1391,1234
gimperftestuser1392,1234
gimperftestuser1393,1234
gimperftestuser1394,1234
gimperftestuser1395,1234
gimperftestuser1396,1234
gimperftestuser1397,1234
gimperftestuser1398,1234
gimperftestuser1399,1234
gimperftestuser1400,1234
gimperftestuser1401,1234
gimperftestuser1402,1234
gimperftestuser1403,1234
gimperftestuser1404,1234
gimperftestuser1405,1234
gimperftestuser1406,1234
gimperftestuser1407,1234
gimperftestuser1408,1234
gimperftestuser1409,1234
gimperftestuser1410,1234
gimperftestuser1411,1234
gimperftestuser1412,1234
gimperftestuser1413,1234
gimperftestuser1414,1234
gimperftestuser1415,1234
gimperftestuser1416,1234
gimperftestuser1417,1234
gimperftestuser1418,1234
gimperftestuser1419,1234
gimperftestuser1420,1234
gimperftestuser1421,1234
gimperftestuser1422,1234
gimperftestuser1423,1234
gimperftestuser1424,1234
gimperftestuser1425,1234
gimperftestuser1426,1234
gimperftestuser1427,1234
gimperftestuser1428,1234
gimperftestuser1429,1234
gimperftestuser1430,1234
gimperftestuser1431,1234
gimperftestuser1432,1234
gimperftestuser1433,1234
gimperftestuser1434,1234
gimperftestuser1435,1234
gimperftestuser1436,1234
gimperftestuser1437,1234
gimperftestuser1438,1234
gimperftestuser1439,1234
gimperftestuser1440,1234
gimperftestuser1441,1234
gimperftestuser1442,1234
gimperftestuser1443,1234
gimperftestuser1444,1234
gimperftestuser1445,1234
gimperftestuser1446,1234
gimperftestuser1447,1234
gimperftestuser1448,1234
gimperftestuser1449,1234
gimperftestuser1450,1234
gimperftestuser1451,1234
gimperftestuser1452,1234
gimperftestuser1453,1234
gimperftestuser1454,1234
gimperftestuser1455,1234
gimperftestuser1456,1234
gimperftestuser1457,1234
gimperftestuser1458,1234
gimperftestuser1459,1234
gimperftestuser1460,1234
gimperftestuser1461,1234
gimperftestuser1462,1234
gimperftestuser1463,1234
gimperftestuser1464,1234
gimperftestuser1465,1234
gimperftestuser1466,1234
gimperftestuser1467,1234
gimperftestuser1468,1234
gimperftestuser1469,1234
gimperftestuser1470,1234
gimperftestuser1471,1234
gimperftestuser1472,1234
gimperftestuser1473,1234
gimperftestuser1474,1234
gimperftestuser1475,1234
gimperftestuser1476,1234
gimperftestuser1477,1234
gimperftestuser1478,1234
gimperftestuser1479,1234
gimperftestuser1480,1234
gimperftestuser1481,1234
gimperftestuser1482,1234
gimperftestuser1483,1234
gimperftestuser1484,1234
gimperftestuser1485,1234
gimperftestuser1486,1234
gimperftestuser1487,1234
gimperftestuser1488,1234
gimperftestuser1489,1234
gimperftestuser1490,1234
gimperftestuser1491,1234
gimperftestuser1492,1234
gimperftestuser1493,1234
gimperftestuser1494,1234
gimperftestuser1495,1234
gimperftestuser1496,1234
gimperftestuser1497,1234
gimperftestuser1498,1234
gimperftestuser1499,1234
gimperftestuser1500,1234
gimperftestuser1501,1234
gimperftestuser1502,1234
gimperftestuser1503,1234
gimperftestuser1504,1234
gimperftestuser1505,1234
gimperftestuser1506,1234
gimperftestuser1507,1234
gimperftestuser1508,1234
gimperftestuser1509,1234
gimperftestuser1510,1234
gimperftestuser1511,1234
gimperftestuser1512,1234
gimperftestuser1513,1234
gimperftestuser1514,1234
gimperftestuser1515,1234
gimperftestuser1516,1234
gimperftestuser1517,1234
gimperftestuser1518,1234
gimperftestuser1519,1234
gimperftestuser1520,1234
gimperftestuser1521,1234
gimperftestuser1522,1234
gimperftestuser1523,1234
gimperftestuser1524,1234
gimperftestuser1525,1234
gimperftestuser1526,1234
gimperftestuser1527,1234
gimperftestuser1528,1234
gimperftestuser1529,1234
gimperftestuser1530,1234
gimperftestuser1531,1234
gimperftestuser1532,1234
gimperftestuser1533,1234
gimperftestuser1534,1234
gimperftestuser1535,1234
gimperftestuser1536,1234
gimperftestuser1537,1234
gimperftestuser1538,1234
gimperftestuser1539,1234
gimperftestuser1540,1234
gimperftestuser1541,1234
gimperftestuser1542,1234
gimperftestuser1543,1234
gimperftestuser1544,1234
gimperftestuser1545,1234
gimperftestuser1546,1234
gimperftestuser1547,1234
gimperftestuser1548,1234
gimperftestuser1549,1234
gimperftestuser1550,1234
gimperftestuser1551,1234
gimperftestuser1552,1234
gimperftestuser1553,1234
gimperftestuser1554,1234
gimperftestuser1555,1234
gimperftestuser1556,1234
gimperftestuser1557,1234
gimperftestuser1558,1234
gimperftestuser1559,1234
gimperftestuser1560,1234
gimperftestuser1561,1234
gimperftestuser1562,1234
gimperftestuser1563,1234
gimperftestuser1564,1234
gimperftestuser1565,1234
gimperftestuser1566,1234
gimperftestuser1567,1234
gimperftestuser1568,1234
gimperftestuser1569,1234
gimperftestuser1570,1234
